{
  "ap-south-2": "Asia Pacific (Hyderabad)",
  "Asia Pacific (Hyderabad)": "ap-south-2",
  "ap-south-1": "Asia Pacific (Mumbai)",
  "Asia Pacific (Mumbai)": "ap-south-1",
  "eu-south-1": "Europe (Milan)",
  "Europe (Milan)": "eu-south-1",
  "eu-south-2": "Europe (Spain)",
  "Europe (Spain)": "eu-south-2",
  "me-central-1": "Middle East (UAE)",
  "Middle East (UAE)": "me-central-1",
  "il-central-1": "Israel (Tel Aviv)",
  "Israel (Tel Aviv)": "il-central-1",
  "ca-central-1": "Canada (Central)",
  "Canada (Central)": "ca-central-1",
  "ap-east-2": "Asia Pacific (Taipei)",
  "Asia Pacific (Taipei)": "ap-east-2",
  "mx-central-1": "Mexico (Central)",
  "Mexico (Central)": "mx-central-1",
  "eu-central-1": "Europe (Frankfurt)",
  "Europe (Frankfurt)": "eu-central-1",
  "eu-central-2": "Europe (Zurich)",
  "Europe (Zurich)": "eu-central-2",
  "us-west-1": "US West (N. California)",
  "US West (N. California)": "us-west-1",
  "us-west-2": "US West (Oregon)",
  "US West (Oregon)": "us-west-2",
  "af-south-1": "Africa (Cape Town)",
  "Africa (Cape Town)": "af-south-1",
  "eu-north-1": "Europe (Stockholm)",
  "Europe (Stockholm)": "eu-north-1",
  "eu-west-3": "Europe (Paris)",
  "Europe (Paris)": "eu-west-3",
  "eu-west-2": "Europe (London)",
  "Europe (London)": "eu-west-2",
  "eu-west-1": "Europe (Ireland)",
  "Europe (Ireland)": "eu-west-1",
  "ap-northeast-3": "Asia Pacific (Osaka)",
  "Asia Pacific (Osaka)": "ap-northeast-3",
  "ap-northeast-2": "Asia Pacific (Seoul)",
  "Asia Pacific (Seoul)": "ap-northeast-2",
  "me-south-1": "Middle East (Bahrain)",
  "Middle East (Bahrain)": "me-south-1",
  "ap-northeast-1": "Asia Pacific (Tokyo)",
  "Asia Pacific (Tokyo)": "ap-northeast-1",
  "sa-east-1": "South America (Sao Paulo)",
  "South America (Sao Paulo)": "sa-east-1",
  "ap-east-1": "Asia Pacific (Hong Kong)",
  "Asia Pacific (Hong Kong)": "ap-east-1",
  "ca-west-1": "Canada West (Calgary)",
  "Canada West (Calgary)": "ca-west-1",
  "ap-southeast-1": "Asia Pacific (Singapore)",
  "Asia Pacific (Singapore)": "ap-southeast-1",
  "ap-southeast-2": "Asia Pacific (Sydney)",
  "Asia Pacific (Sydney)": "ap-southeast-2",
  "ap-southeast-3": "Asia Pacific (Jakarta)",
  "Asia Pacific (Jakarta)": "ap-southeast-3",
  "ap-southeast-4": "Asia Pacific (Melbourne)",
  "Asia Pacific (Melbourne)": "ap-southeast-4",
  "us-east-1": "US East (N. Virginia)",
  "US East (N. Virginia)": "us-east-1",
  "ap-southeast-5": "Asia Pacific (Malaysia)",
  "Asia Pacific (Malaysia)": "ap-southeast-5",
  "ap-southeast-6": "Asia Pacific (New Zealand)",
  "Asia Pacific (New Zealand)": "ap-southeast-6",
  "us-east-2": "US East (Ohio)",
  "US East (Ohio)": "us-east-2",
  "ap-southeast-7": "Asia Pacific (Thailand)",
  "Asia Pacific (Thailand)": "ap-southeast-7"
}
